
--Let's all celebrate the ridiculous lack of a <Civilizaton_Improvements> table!


INSERT INTO ArtDefine_Landmarks(Era, State, Scale, ImprovementType, LayoutHandler, ResourceType, Model, TerrainContour)
SELECT 'Any', 'UnderConstruction', 1.00,  'ART_DEF_IMPROVEMENT_VV_LOWEE_MUSHROOM_FIEFDOM', 'SNAPSHOT', 'ART_DEF_RESOURCE_NONE', 'Mushrooms.fxsxml', 1 UNION ALL
SELECT 'Any', 'Constructed', 1.00,  'ART_DEF_IMPROVEMENT_VV_LOWEE_MUSHROOM_FIEFDOM', 'SNAPSHOT', 'ART_DEF_RESOURCE_NONE', 'Village1.fxsxml', 1 UNION ALL
SELECT 'Any', 'Pillaged', 1.00,  'ART_DEF_IMPROVEMENT_VV_LOWEE_MUSHROOM_FIEFDOM', 'SNAPSHOT', 'ART_DEF_RESOURCE_NONE', 'Village1_PL.fxsxml', 1;


INSERT INTO ArtDefine_Landmarks(Era, State, Scale, ImprovementType, LayoutHandler, ResourceType, Model, TerrainContour)
SELECT 'Any', 'UnderConstruction', 1.50,  'ART_DEF_IMPROVEMENT_VV_LOWEE_MUSHROOM', 'SNAPSHOT', 'ART_DEF_RESOURCE_NONE', 'Mushrooms.fxsxml', 1 UNION ALL
SELECT 'Any', 'Constructed', 1.50,  'ART_DEF_IMPROVEMENT_VV_LOWEE_MUSHROOM', 'SNAPSHOT', 'ART_DEF_RESOURCE_NONE', 'Mushrooms.fxsxml', 1 UNION ALL
SELECT 'Any', 'Pillaged', 1.50,  'ART_DEF_IMPROVEMENT_VV_LOWEE_MUSHROOM', 'SNAPSHOT', 'ART_DEF_RESOURCE_NONE', 'Mushrooms_PL.fxsxml', 1;

INSERT INTO ArtDefine_StrategicView(StrategicViewType, TileType, Asset)
SELECT 'ART_DEF_IMPROVEMENT_VV_LOWEE_MUSHROOM_FIEFDOM', 'Improvement', 'SV_MushroomFiefdom.dds';


INSERT INTO Improvements
			(Type,									Description,								Civilopedia,
			Help,											ArtDefineTag,								PortraitIndex,	IconAtlas,
			PillageGold,	SpecificCivRequired,	CivilizationType)
VALUES		('IMPROVEMENT_VV_LOWEE_MUSHROOM',	'TXT_KEY_IMPROVEMENT_VV_LOWEE_MUSHROOM',	'TXT_KEY_IMPROVEMENT_VV_LOWEE_MUSHROOM_TEXT',
			'TXT_KEY_IMPROVEMENT_VV_LOWEE_MUSHROOM_HELP','ART_DEF_IMPROVEMENT_VV_LOWEE_MUSHROOM_FIEFDOM', 4,				'CIV_COLOR_ATLAS_VV_LOWEE',
			20,				1,						'CIVILIZATION_VV_LOWEE');

INSERT INTO Improvements
			(Type,									Description,								Civilopedia,
			Help,											ArtDefineTag,							PortraitIndex,	IconAtlas,
			PillageGold,	SpecificCivRequired,	CivilizationType)
VALUES		('IMPROVEMENT_VV_LOWEE_MUSHROOM_WH',	'TXT_KEY_IMPROVEMENT_VV_LOWEE_MUSHROOM',	'TXT_KEY_IMPROVEMENT_VV_LOWEE_MUSHROOM_TEXT',
			'TXT_KEY_IMPROVEMENT_VV_LOWEE_MUSHROOM_HELP','ART_DEF_IMPROVEMENT_VV_LOWEE_MUSHROOM_FIEFDOM', 4,				'CIV_COLOR_ATLAS_VV_LOWEE',
			20,				1,						'CIVILIZATION_VV_LOWEE_WH');

INSERT INTO Improvements
			(Type,									Description,								Civilopedia,
			Help,											ArtDefineTag,								PortraitIndex,	IconAtlas,
			PillageGold,	SpecificCivRequired,	CivilizationType)
VALUES		('IMPROVEMENT_VV_LOWEE_MUSHROOM_ULTRA',	'TXT_KEY_IMPROVEMENT_VV_LOWEE_MUSHROOM',	'TXT_KEY_IMPROVEMENT_VV_LOWEE_MUSHROOM_TEXT',
			'TXT_KEY_IMPROVEMENT_VV_LOWEE_MUSHROOM_HELP','ART_DEF_IMPROVEMENT_VV_LOWEE_MUSHROOM_FIEFDOM', 4,				'CIV_COLOR_ATLAS_VV_LOWEE',
			20,				1,						'CIVILIZATION_VV_LOWEE_ULTRA');

INSERT INTO Improvements
			(Type,									Description,								Civilopedia,
			Help,											ArtDefineTag,							PortraitIndex,	IconAtlas,
			PillageGold,	SpecificCivRequired,	CivilizationType)
VALUES		('IMPROVEMENT_VV_LOWEE_MUSHROOM_WH_ULTRA',	'TXT_KEY_IMPROVEMENT_VV_LOWEE_MUSHROOM',	'TXT_KEY_IMPROVEMENT_VV_LOWEE_MUSHROOM_TEXT',
			'TXT_KEY_IMPROVEMENT_VV_LOWEE_MUSHROOM_HELP','ART_DEF_IMPROVEMENT_VV_LOWEE_MUSHROOM_FIEFDOM', 4,				'CIV_COLOR_ATLAS_VV_LOWEE',
			20,				1,						'CIVILIZATION_VV_LOWEE_WH_ULTRA');



INSERT INTO Improvements
			(Type,									Description,								Civilopedia,
			Help,											ArtDefineTag,							PortraitIndex,	IconAtlas)
VALUES		('IMPROVEMENT_VV_LOWEE_CITY_DUMMY',	'TXT_KEY_VV_LOWEE_CITY_ART',	'TXT_KEY_IMPROVEMENT_VV_LOWEE_MUSHROOM_TEXT',
			'TXT_KEY_VV_LOWEE_CITY_ART_TEXT','ART_DEF_IMPROVEMENT_VV_LOWEE_MUSHROOM',	4,				'CIV_COLOR_ATLAS_VV_LOWEE');


INSERT INTO Improvement_Yields
			(ImprovementType,							YieldType,		Yield)
VALUES		('IMPROVEMENT_VV_LOWEE_MUSHROOM',			'YIELD_FOOD',	1),
			('IMPROVEMENT_VV_LOWEE_MUSHROOM_WH',		'YIELD_FOOD',	1),
			('IMPROVEMENT_VV_LOWEE_MUSHROOM_ULTRA',		'YIELD_FOOD',	1),
			('IMPROVEMENT_VV_LOWEE_MUSHROOM_WH_ULTRA',	'YIELD_FOOD',	1);


INSERT INTO Improvement_TechYieldChanges
			(ImprovementType,						TechType,				YieldType,		Yield)
VALUES		('IMPROVEMENT_VV_LOWEE_MUSHROOM',		'TECH_STEAM_POWER',		'YIELD_FOOD',	1),
			('IMPROVEMENT_VV_LOWEE_MUSHROOM',		'TECH_ELECTRONICS',		'YIELD_GOLD',	1),
			('IMPROVEMENT_VV_LOWEE_MUSHROOM',		'TECH_COMPUTERS',		'YIELD_CULTURE',1),
			('IMPROVEMENT_VV_LOWEE_MUSHROOM_WH',	'TECH_STEAM_POWER',		'YIELD_FOOD',	1),
			('IMPROVEMENT_VV_LOWEE_MUSHROOM_WH',	'TECH_ELECTRONICS',		'YIELD_GOLD',	1),
			('IMPROVEMENT_VV_LOWEE_MUSHROOM_WH',	'TECH_COMPUTERS',		'YIELD_CULTURE',1),
			('IMPROVEMENT_VV_LOWEE_MUSHROOM_ULTRA',		'TECH_STEAM_POWER',		'YIELD_FOOD',	1),
			('IMPROVEMENT_VV_LOWEE_MUSHROOM_ULTRA',		'TECH_ELECTRONICS',		'YIELD_GOLD',	1),
			('IMPROVEMENT_VV_LOWEE_MUSHROOM_ULTRA',		'TECH_COMPUTERS',		'YIELD_CULTURE',1),
			('IMPROVEMENT_VV_LOWEE_MUSHROOM_WH_ULTRA',	'TECH_STEAM_POWER',		'YIELD_FOOD',	1),
			('IMPROVEMENT_VV_LOWEE_MUSHROOM_WH_ULTRA',	'TECH_ELECTRONICS',		'YIELD_GOLD',	1),
			('IMPROVEMENT_VV_LOWEE_MUSHROOM_WH_ULTRA',	'TECH_COMPUTERS',		'YIELD_CULTURE',1);



INSERT INTO Improvement_ValidTerrains	
			(ImprovementType,							TerrainType)
VALUES		('IMPROVEMENT_VV_LOWEE_MUSHROOM',			'TERRAIN_TUNDRA'),
			('IMPROVEMENT_VV_LOWEE_MUSHROOM',			'TERRAIN_SNOW'),
			('IMPROVEMENT_VV_LOWEE_MUSHROOM_WH',		'TERRAIN_TUNDRA'),
			('IMPROVEMENT_VV_LOWEE_MUSHROOM_WH',		'TERRAIN_SNOW'),
			('IMPROVEMENT_VV_LOWEE_MUSHROOM_ULTRA',		'TERRAIN_TUNDRA'),
			('IMPROVEMENT_VV_LOWEE_MUSHROOM_ULTRA',		'TERRAIN_SNOW'),
			('IMPROVEMENT_VV_LOWEE_MUSHROOM_WH_ULTRA',	'TERRAIN_TUNDRA'),
			('IMPROVEMENT_VV_LOWEE_MUSHROOM_WH_ULTRA',	'TERRAIN_SNOW');


INSERT INTO Builds
			(Type,							PrereqTech,			Time,	ImprovementType,						Description,
			Help,										EntityEvent,HotKey,OrderPriority,IconIndex,
			IconAtlas)
SELECT		('BUILD_VV_LOWEE_MUSHROOM'),	('TECH_CHIVALRY'),	Time,	('IMPROVEMENT_VV_LOWEE_MUSHROOM'),	('TXT_KEY_BUILD_VV_LOWEE_MUSHROOM'),
			('TXT_KEY_BUILD_VV_LOWEE_MUSHROOM_HELP'),	EntityEvent,HotKey,OrderPriority,0,
			('BUILD_ATLAS_VV_LOWEE')
FROM Builds WHERE (Type = 'BUILD_TRADING_POST');

INSERT INTO Builds
			(Type,							PrereqTech,			Time,	ImprovementType,						Description,
			Help,										EntityEvent,HotKey,OrderPriority,IconIndex,
			IconAtlas)
SELECT		('BUILD_VV_LOWEE_MUSHROOM_WH'),	('TECH_CHIVALRY'),	Time,	('IMPROVEMENT_VV_LOWEE_MUSHROOM_WH'),	('TXT_KEY_BUILD_VV_LOWEE_MUSHROOM'),
			('TXT_KEY_BUILD_VV_LOWEE_MUSHROOM_HELP'),	EntityEvent,HotKey,OrderPriority,0,
			('BUILD_ATLAS_VV_LOWEE')
FROM Builds WHERE (Type = 'BUILD_TRADING_POST');

INSERT INTO Builds
			(Type,							PrereqTech,			Time,	ImprovementType,						Description,
			Help,										EntityEvent,HotKey,OrderPriority,IconIndex,
			IconAtlas)
SELECT		('BUILD_VV_LOWEE_MUSHROOM_ULTRA'),	('TECH_CHIVALRY'),	Time,	('IMPROVEMENT_VV_LOWEE_MUSHROOM_ULTRA'),	('TXT_KEY_BUILD_VV_LOWEE_MUSHROOM'),
			('TXT_KEY_BUILD_VV_LOWEE_MUSHROOM_HELP'),	EntityEvent,HotKey,OrderPriority,0,
			('BUILD_ATLAS_VV_LOWEE')
FROM Builds WHERE (Type = 'BUILD_TRADING_POST');

INSERT INTO Builds
			(Type,							PrereqTech,			Time,	ImprovementType,						Description,
			Help,										EntityEvent,HotKey,OrderPriority,IconIndex,
			IconAtlas)
SELECT		('BUILD_VV_LOWEE_MUSHROOM_WH_ULTRA'),	('TECH_CHIVALRY'),	Time,	('IMPROVEMENT_VV_LOWEE_MUSHROOM_WH_ULTRA'),	('TXT_KEY_BUILD_VV_LOWEE_MUSHROOM'),
			('TXT_KEY_BUILD_VV_LOWEE_MUSHROOM_HELP'),	EntityEvent,HotKey,OrderPriority,0,
			('BUILD_ATLAS_VV_LOWEE')
FROM Builds WHERE (Type = 'BUILD_TRADING_POST');




INSERT INTO BuildFeatures
			(BuildType,						FeatureType,PrereqTech,Time,Remove)
SELECT		('BUILD_VV_LOWEE_MUSHROOM'),	FeatureType,PrereqTech,Time,Remove
FROM BuildFeatures WHERE (BuildType = 'BUILD_FARM');

INSERT INTO BuildFeatures
			(BuildType,						FeatureType,PrereqTech,Time,Remove)
SELECT		('BUILD_VV_LOWEE_MUSHROOM_WH'),	FeatureType,PrereqTech,Time,Remove
FROM BuildFeatures WHERE (BuildType = 'BUILD_FARM');

INSERT INTO BuildFeatures
			(BuildType,						FeatureType,PrereqTech,Time,Remove)
SELECT		('BUILD_VV_LOWEE_MUSHROOM_ULTRA'),	FeatureType,PrereqTech,Time,Remove
FROM BuildFeatures WHERE (BuildType = 'BUILD_FARM');

INSERT INTO BuildFeatures
			(BuildType,						FeatureType,PrereqTech,Time,Remove)
SELECT		('BUILD_VV_LOWEE_MUSHROOM_WH_ULTRA'),	FeatureType,PrereqTech,Time,Remove
FROM BuildFeatures WHERE (BuildType = 'BUILD_FARM');



INSERT INTO Unit_Builds
			(UnitType,				BuildType)
SELECT		Type,					('BUILD_VV_LOWEE_MUSHROOM')
FROM Units WHERE (Class = 'UNITCLASS_WORKER');

INSERT INTO Unit_Builds
			(UnitType,				BuildType)
SELECT		Type,					('BUILD_VV_LOWEE_MUSHROOM_WH')
FROM Units WHERE (Class = 'UNITCLASS_WORKER');

INSERT INTO Unit_Builds
			(UnitType,				BuildType)
SELECT		Type,					('BUILD_VV_LOWEE_MUSHROOM_ULTRA')
FROM Units WHERE (Class = 'UNITCLASS_WORKER');

INSERT INTO Unit_Builds
			(UnitType,				BuildType)
SELECT		Type,					('BUILD_VV_LOWEE_MUSHROOM_WH_ULTRA')
FROM Units WHERE (Class = 'UNITCLASS_WORKER');




INSERT INTO Policies
			(Type,								Description)
VALUES		('POLICY_VV_BLANC_DUMMY',			'TXT_KEY_LEADER_VV_BLANC'),
			('POLICY_VV_WHITE_HEART_DUMMY',		'TXT_KEY_LEADER_VV_WHITE_HEART'),
			('POLICY_VV_WHITE_HEART_U_DUMMY',	'TXT_KEY_LEADER_VV_WHITE_HEART');

INSERT INTO Policy_ImprovementYieldChanges
			(PolicyType,						ImprovementType,							YieldType,			Yield)
VALUES		('POLICY_VV_BLANC_DUMMY',			'IMPROVEMENT_VV_LOWEE_MUSHROOM',			'YIELD_FAITH',		1),
			('POLICY_VV_BLANC_DUMMY',			'IMPROVEMENT_VV_LOWEE_MUSHROOM_WH',			'YIELD_FAITH',		1),
			('POLICY_VV_BLANC_DUMMY',			'IMPROVEMENT_VV_LOWEE_MUSHROOM_ULTRA',		'YIELD_FAITH',		1),
			('POLICY_VV_BLANC_DUMMY',			'IMPROVEMENT_VV_LOWEE_MUSHROOM_WH_ULTRA',	'YIELD_FAITH',		1),
			('POLICY_VV_WHITE_HEART_DUMMY',		'IMPROVEMENT_VV_LOWEE_MUSHROOM',			'YIELD_FOOD',		1),
			('POLICY_VV_WHITE_HEART_DUMMY',		'IMPROVEMENT_VV_LOWEE_MUSHROOM_WH',			'YIELD_FOOD',		1),
			('POLICY_VV_WHITE_HEART_DUMMY',		'IMPROVEMENT_VV_LOWEE_MUSHROOM_ULTRA',		'YIELD_FOOD',		1),
			('POLICY_VV_WHITE_HEART_DUMMY',		'IMPROVEMENT_VV_LOWEE_MUSHROOM_WH_ULTRA',	'YIELD_FOOD',		1),
			('POLICY_VV_WHITE_HEART_DUMMY',		'IMPROVEMENT_VV_LOWEE_MUSHROOM',			'YIELD_GOLD',		1),
			('POLICY_VV_WHITE_HEART_DUMMY',		'IMPROVEMENT_VV_LOWEE_MUSHROOM_WH',			'YIELD_GOLD',		1),
			('POLICY_VV_WHITE_HEART_DUMMY',		'IMPROVEMENT_VV_LOWEE_MUSHROOM_ULTRA',		'YIELD_GOLD',		1),
			('POLICY_VV_WHITE_HEART_DUMMY',		'IMPROVEMENT_VV_LOWEE_MUSHROOM_WH_ULTRA',	'YIELD_GOLD',		1),
			('POLICY_VV_WHITE_HEART_U_DUMMY',	'IMPROVEMENT_VV_LOWEE_MUSHROOM',			'YIELD_PRODUCTION',	2),
			('POLICY_VV_WHITE_HEART_U_DUMMY',	'IMPROVEMENT_VV_LOWEE_MUSHROOM_WH',			'YIELD_PRODUCTION',	2),
			('POLICY_VV_WHITE_HEART_U_DUMMY',	'IMPROVEMENT_VV_LOWEE_MUSHROOM_ULTRA',		'YIELD_PRODUCTION',	2),
			('POLICY_VV_WHITE_HEART_U_DUMMY',	'IMPROVEMENT_VV_LOWEE_MUSHROOM_WH_ULTRA',	'YIELD_PRODUCTION',	2);
